Date,Site_int,Month_int,SolarProductionDemand,Solar Production,TotalEnergyUsageAcrossSites
2011-10-01,7,10,277.0,12615.0,16153.0
2011-11-01,7,9,275.0,10731.0,19221.0
2011-12-01,7,2,276.0,7362.0,19471.0
2012-01-01,7,4,276.0,10387.0,26270.0
2012-02-01,7,3,273.0,10891.0,21316.0
2012-03-01,7,7,268.0,11620.0,22305.0
2012-04-01,7,0,270.0,13475.0,14810.0
2012-05-01,7,8,268.0,15147.0,21879.0
2012-06-01,7,6,271.0,18717.0,18197.0
2012-07-01,7,5,135.0,11570.0,5152.0
2012-08-01,7,1,274.0,10896.0,17446.0
2012-09-01,7,11,273.0,12325.0,29791.0
2012-10-01,3,10,39.0,1713.0,14075.0
2012-10-01,7,10,271.0,13279.0,16879.0
2012-11-01,3,9,36.0,2013.0,12362.0
2012-11-01,7,9,264.0,12030.0,20983.0
2012-12-01,3,2,32.0,1536.0,11126.0
2012-12-01,7,2,268.0,8408.0,28006.0
2013-01-01,3,4,31.0,1753.0,13607.0
2013-01-01,5,4,156.0,5196.437845,70000.0
2013-01-01,7,4,267.0,8814.0,18305.0
2013-02-01,3,3,30.0,1749.0,11079.0
2013-02-01,5,3,212.0,5278.48021,65600.0
2013-02-01,7,3,269.0,9845.0,22750.0
2013-03-01,3,7,36.0,2675.0,14177.0
2013-03-01,5,7,232.0,5881.78819,73200.0
2013-03-01,7,7,270.0,11532.0,30402.0
2013-04-01,2,0,30.0,923.0,8876.0
2013-04-01,3,0,35.0,2583.0,14961.0
2013-04-01,5,0,236.0,6409.796125,80400.0
2013-04-01,7,0,271.0,11495.0,18585.0
2013-05-01,2,8,41.0,963.0,14475.0
2013-05-01,3,8,41.0,2719.0,16569.0
2013-05-01,5,8,240.0,8732.92515,94800.0
2013-05-01,7,8,268.0,12760.0,22726.0
2013-06-01,2,6,37.0,1016.0,17846.0
2013-06-01,3,6,51.0,2880.0,23194.0
2013-06-01,5,6,268.0,9657.42256,104400.0
2013-06-01,7,6,264.0,12697.0,13503.0
2013-07-01,2,5,46.0,841.0,20081.0
2013-07-01,3,5,49.0,2374.0,24659.0
2013-07-01,5,5,320.0,14117.348385,129200.0
2013-07-01,7,5,198.0,8509.0,3191.0
2013-08-01,2,1,41.0,808.0,17511.0
2013-08-01,3,1,47.0,2051.0,22695.0
2013-08-01,5,1,228.0,13011.22973,130800.0
2013-08-01,7,1,268.0,9486.0,18364.0
2013-09-01,2,11,46.0,905.0,19215.0
2013-09-01,3,11,46.0,2118.0,24499.0
2013-09-01,5,11,236.0,10362.25432,121200.0
2013-09-01,7,11,272.0,9564.0,28468.0
2013-10-01,2,10,34.0,953.0,11243.0
2013-10-01,3,10,34.0,2156.0,16038.0
2013-10-01,4,10,86.0,37902.0,38108.0
2013-10-01,5,10,244.0,9970.40019,113600.0
2013-10-01,7,10,269.0,11017.0,20067.0
2013-11-01,2,9,29.0,737.0,8948.0
2013-11-01,3,9,32.0,1551.0,12718.0
2013-11-01,4,9,72.0,26531.0,33098.0
2013-11-01,5,9,240.0,7167.06455,93200.0
2013-11-01,7,9,269.0,6362.0,25587.0
2013-12-01,2,2,40.0,706.0,9796.0
2013-12-01,3,2,26.0,1393.0,11573.0
2013-12-01,4,2,85.0,29555.0,39198.0
2013-12-01,5,2,232.0,5941.69111,74000.0
2013-12-01,7,2,265.0,6427.0,21034.0
2014-01-01,1,4,82.0,16492.0,28228.0
2014-01-01,2,4,33.0,764.0,9489.0
2014-01-01,3,4,24.0,1546.0,11210.0
2014-01-01,4,4,79.0,27123.0,34498.0
2014-01-01,5,4,145.0,29958.0,48859.0
2014-01-01,7,4,271.0,3987.0,13129.0
2014-02-01,1,3,77.0,17023.0,30360.0
2014-02-01,2,3,43.0,675.0,7864.0
2014-02-01,3,3,25.0,1492.0,9263.0
2014-02-01,4,3,80.0,27994.0,32623.0
2014-02-01,5,3,167.0,29043.0,31914.0
2014-02-01,7,3,271.0,2871.0,27899.0
2014-03-01,1,7,70.0,23817.0,29625.0
2014-03-01,2,7,24.0,839.0,7540.0
2014-03-01,3,7,25.0,1909.0,11322.0
2014-03-01,4,7,69.0,39076.0,39076.0
2014-03-01,5,7,231.0,40505.0,32951.0
2014-03-01,7,7,267.0,4065.0,21000.0
2014-04-01,1,0,74.0,31747.0,27893.0
2014-04-01,2,0,26.0,916.0,8293.0
2014-04-01,3,0,37.0,2120.0,12353.0
2014-04-01,4,0,83.0,44573.0,44573.0
2014-04-01,5,0,244.0,52678.0,33379.0
2014-04-01,7,0,262.0,4723.0,18036.0
2014-05-01,1,8,71.0,33263.0,33263.0
2014-05-01,2,8,26.0,962.0,9283.0
2014-05-01,3,8,34.0,2230.0,16047.0
2014-05-01,4,8,101.0,52509.0,52509.0
2014-05-01,5,8,240.0,56406.0,41549.0
2014-05-01,7,8,269.0,5160.0,24052.0
2014-06-01,1,6,79.0,35627.0,35684.0
2014-06-01,2,6,37.0,991.0,16673.0
2014-06-01,3,6,46.0,2315.0,22704.0
2014-06-01,4,6,107.0,47674.0,48578.0
2014-06-01,5,6,268.0,53121.0,81000.0
2014-06-01,7,6,266.0,5175.0,10214.0
2014-07-01,1,5,84.0,36447.0,47623.0
2014-07-01,2,5,39.0,849.0,17543.0
2014-07-01,3,5,49.0,2010.0,23141.0
2014-07-01,4,5,121.0,43021.0,58449.0
2014-07-01,5,5,265.0,53279.0,106119.0
2014-07-01,7,5,264.0,7973.0,4542.0
2014-08-01,1,1,94.0,31251.0,45492.0
2014-08-01,2,1,43.0,861.0,18704.0
2014-08-01,3,1,49.0,2029.0,23073.0
2014-08-01,4,1,117.0,42593.0,60204.0
2014-08-01,5,1,264.0,45219.0,94539.0
2014-08-01,7,1,271.0,8084.0,21893.0
2014-09-01,1,11,89.0,30383.0,44152.0
2014-09-01,2,11,40.0,916.0,18046.0
2014-09-01,3,11,48.0,2110.0,23523.0
2014-09-01,4,11,110.0,41328.0,60679.0
2014-09-01,5,11,242.0,41645.0,94426.0
2014-09-01,7,11,266.0,6989.0,21125.0
2014-10-01,0,10,742.0,48129.0,258353.0
2014-10-01,1,10,83.0,28452.0,43747.0
2014-10-01,2,10,31.0,921.0,11929.0
2014-10-01,3,10,41.0,2079.0,20118.0
2014-10-01,4,10,88.0,37010.0,43835.0
2014-10-01,5,10,242.0,39219.0,100674.0
2014-10-01,6,10,65.0,17872.0,34021.0
2014-10-01,7,10,273.0,6806.0,26047.0
2014-11-01,0,9,651.0,34093.0,180551.0
2014-11-01,1,9,76.0,22643.0,33548.0
2014-11-01,2,9,29.0,758.0,8324.0
2014-11-01,3,9,38.0,1589.0,11791.0
2014-11-01,4,9,74.0,32090.0,37034.0
2014-11-01,5,9,216.0,27546.0,56269.0
2014-11-01,6,9,65.0,19883.0,33170.0
2014-11-01,7,9,268.0,6153.0,27112.0
2014-12-01,0,2,641.0,29849.0,208850.0
2014-12-01,1,2,67.0,17486.0,31735.0
2014-12-01,2,2,33.0,605.0,8976.0
2014-12-01,3,2,29.0,1193.0,11190.0
2014-12-01,4,2,90.0,26453.0,39271.0
2014-12-01,5,2,228.0,24419.0,64002.0
2014-12-01,6,2,63.0,15241.0,29549.0
2014-12-01,7,2,262.0,5236.0,10062.0
2015-01-01,0,4,525.0,28475.0,208651.0
2015-01-01,1,4,79.0,17627.0,35964.0
2015-01-01,2,4,38.0,693.0,10010.0
2015-01-01,3,4,31.0,1409.0,12651.0
2015-01-01,4,4,79.0,24670.0,33371.0
2015-01-01,5,4,190.0,23342.0,51577.0
2015-01-01,6,4,70.0,14388.0,31448.0
2015-01-01,7,4,273.0,5812.0,10738.0
2015-02-01,0,3,504.0,36935.0,171845.0
2015-02-01,1,3,73.0,20242.0,32932.0
2015-02-01,2,3,33.0,711.0,7758.0
2015-02-01,3,3,29.0,1583.0,9993.0
2015-02-01,4,3,79.0,31434.0,32014.0
2015-02-01,5,3,208.0,30516.0,47216.0
2015-02-01,6,3,57.0,15288.0,27430.0
2015-02-01,7,3,272.0,7296.0,27572.0
2015-03-01,0,7,471.0,50087.0,175373.0
2015-03-01,1,7,69.0,23149.0,30794.0
2015-03-01,2,7,27.0,817.0,7915.0
2015-03-01,3,7,26.0,1891.0,10114.0
2015-03-01,4,7,82.0,37890.0,37890.0
2015-03-01,5,7,220.0,40787.0,51263.0
2015-03-01,6,7,65.0,20969.0,32171.0
2015-03-01,7,7,271.0,8719.0,19371.0
2015-04-01,0,0,504.0,56408.0,164776.0
2015-04-01,1,0,73.0,30868.0,31618.0
2015-04-01,2,0,26.0,947.0,8357.0
2015-04-01,3,0,36.0,2230.0,10885.0
2015-04-01,4,0,85.0,46913.0,46913.0
2015-04-01,5,0,259.0,46016.0,34954.0
2015-04-01,6,0,65.0,25851.0,34465.0
2015-04-01,7,0,263.0,8944.0,19046.0
2015-05-01,0,8,504.0,64642.0,183875.0
2015-05-01,1,8,73.0,31200.0,31200.0
2015-05-01,2,8,29.0,854.0,8663.0
2015-05-01,3,8,38.0,2104.0,13443.0
2015-05-01,4,8,98.0,51272.0,51272.0
2015-05-01,5,8,288.0,52120.0,38680.0
2015-05-01,6,8,74.0,25135.0,38599.0
2015-05-01,7,8,260.0,9425.0,22551.0
2015-06-01,0,6,596.0,69428.0,265379.0
2015-06-01,1,6,80.0,34368.0,37870.0
2015-06-01,2,6,43.0,979.0,16277.0
2015-06-01,3,6,44.0,2500.0,24017.0
2015-06-01,4,6,119.0,43043.0,45047.0
2015-06-01,5,6,271.0,55639.0,63457.0
2015-06-01,6,6,81.0,27897.0,40329.0
2015-06-01,7,6,256.0,10733.0,8903.0
2015-07-01,0,5,608.0,61530.0,341639.0
2015-07-01,1,5,92.0,35386.0,48819.0
2015-07-01,2,5,48.0,890.0,20638.0
2015-07-01,3,5,16.0,2332.0,25762.0
2015-07-01,4,5,113.0,44914.0,59634.0
2015-07-01,5,5,276.0,50023.0,69272.0
2015-07-01,6,5,95.0,29763.0,50094.0
2015-07-01,7,5,258.0,6368.0,4771.0
2015-08-01,0,1,624.0,58358.0,342684.0
2015-08-01,1,1,89.0,32070.0,48847.0
2015-08-01,2,1,47.0,487.0,21781.0
2015-08-01,3,1,45.0,2109.0,23134.0
2015-08-01,4,1,115.0,45954.0,61185.0
2015-08-01,5,1,264.0,47707.0,80918.0
2015-08-01,6,1,86.0,28096.0,50529.0
2015-08-01,7,1,269.0,6118.0,24488.0
2015-09-01,0,11,624.0,47369.0,302776.0
2015-09-01,1,11,90.0,28391.0,45197.0
2015-09-01,2,11,44.0,0.0,17777.0
2015-09-01,3,11,39.0,1845.0,20285.0
2015-09-01,4,11,92.0,38051.0,49831.0
2015-09-01,5,11,304.0,38609.0,79415.0
2015-09-01,6,11,91.0,25482.0,49585.0
2015-09-01,7,11,267.0,5890.0,23326.0
2015-10-01,0,10,624.0,38426.0,275468.0
2015-10-01,1,10,81.0,26996.0,39825.0
2015-10-01,2,10,35.0,0.0,13242.0
2015-10-01,3,10,40.0,1706.0,16952.0
2015-10-01,4,10,101.0,34522.0,41517.0
2015-10-01,5,10,290.0,32347.0,102542.0
2015-10-01,6,10,79.0,23547.0,43040.0
2015-10-01,7,10,267.0,5784.0,23222.0
2015-11-01,0,9,441.0,33643.0,201687.0
2015-11-01,1,9,69.0,20405.0,31780.0
2015-11-01,2,9,29.0,0.0,8244.0
2015-11-01,3,9,23.0,1577.0,10259.0
2015-11-01,4,9,80.0,31446.0,32957.0
2015-11-01,5,9,189.0,27282.0,44500.0
2015-11-01,6,9,73.0,17975.0,33556.0
2015-11-01,7,9,266.0,3127.0,21481.0
2015-12-01,0,2,455.5,27088.0,228618.0
2015-12-01,1,2,70.0,17653.0,32675.0
2015-12-01,2,2,39.0,0.0,9380.0
2015-12-01,3,2,27.0,1193.0,10904.0
2015-12-01,4,2,90.0,26019.0,36357.0
2015-12-01,5,2,181.0,21819.0,46345.0
2015-12-01,6,2,56.0,15702.0,30362.0
2015-12-01,7,2,262.0,2265.0,12644.0
2016-01-01,0,4,470.0,30270.0,220205.0
2016-01-01,1,4,74.0,15798.0,35303.0
2016-01-01,2,4,30.0,0.0,9536.0
2016-01-01,3,4,23.0,1389.0,10623.0
2016-01-01,4,4,83.0,27805.0,33928.0
2016-01-01,5,4,170.0,24118.0,65552.0
2016-01-01,6,4,64.0,13033.0,30577.0
2016-01-01,7,4,270.0,2261.0,11100.0
2016-02-01,0,3,431.0,38586.0,205618.0
2016-02-01,1,3,76.0,20098.0,31389.0
2016-02-01,2,3,31.0,0.0,8210.0
2016-02-01,3,3,26.0,1795.0,10068.0
2016-02-01,4,3,84.0,35716.0,35716.0
2016-02-01,5,3,211.0,31388.0,71560.0
2016-02-01,6,3,64.0,17040.0,29879.0
2016-02-01,7,3,274.0,2768.0,22646.0
2016-03-01,0,7,465.0,50749.0,231031.0
2016-03-01,1,7,62.0,26141.0,30355.0
2016-03-01,2,7,24.0,0.0,8702.0
2016-03-01,3,7,26.0,2122.0,11037.0
2016-03-01,4,7,73.0,43474.0,43474.0
2016-03-01,5,7,212.0,41220.0,84070.0
2016-03-01,6,7,62.0,21932.0,32383.0
2016-03-01,7,7,272.0,2821.0,17055.0
2016-04-01,0,0,477.0,59156.0,227479.0
2016-04-01,1,0,65.0,29850.0,31616.0
2016-04-01,2,0,33.0,0.0,9266.0
2016-04-01,3,0,36.0,2250.0,12629.0
2016-04-01,4,0,83.0,47649.0,47649.0
2016-04-01,5,0,213.0,48669.0,81099.0
2016-04-01,6,0,65.0,25381.0,31481.0
2016-04-01,7,0,270.0,3308.0,19999.0
2016-05-01,0,8,490.0,66496.0,250071.0
2016-05-01,1,8,70.0,36179.0,36179.0
2016-05-01,2,8,33.0,0.0,10561.0
2016-05-01,3,8,39.0,2427.0,18468.0
2016-05-01,4,8,87.0,53091.0,53091.0
2016-05-01,5,8,221.0,55425.0,31951.0
2016-05-01,6,8,72.0,30735.0,34120.0
2016-05-01,7,8,269.0,3730.0,23562.0
2016-06-01,0,6,566.0,65894.0,300967.0
2016-06-01,1,6,79.0,36703.0,36703.0
2016-06-01,2,6,43.0,0.0,14546.0
2016-06-01,3,6,47.0,2187.0,22143.0
2016-06-01,4,6,117.0,47371.0,47371.0
2016-06-01,5,6,221.0,52016.0,57508.0
2016-06-01,6,6,84.0,29753.0,39786.0
2016-06-01,7,6,266.0,3356.0,7348.0
2016-07-01,0,5,564.0,65461.0,321736.0
2016-07-01,1,5,87.0,35373.0,47224.0
2016-07-01,2,5,49.0,0.0,19012.0
2016-07-01,3,5,50.0,2201.0,25037.0
2016-07-01,4,5,118.0,48302.0,56985.0
2016-07-01,5,5,227.0,41441.0,86683.0
2016-07-01,6,5,90.0,0.0,49301.0
2016-07-01,7,5,267.0,3640.0,4572.0
2016-08-01,0,1,562.0,60455.0,314374.0
2016-08-01,1,1,97.0,29712.0,51489.0
2016-08-01,2,1,49.0,0.0,18299.0
2016-08-01,3,1,43.0,2165.0,23383.0
2016-08-01,4,1,102.0,45824.0,52505.0
2016-08-01,5,1,245.0,45867.0,86700.0
2016-08-01,6,1,80.0,9451.0,50012.0
2016-08-01,7,1,271.0,3254.0,19792.0
2016-09-01,0,11,435.0,48939.0,278900.0
2016-09-01,1,11,89.0,29712.0,48766.0
2016-09-01,2,11,42.0,0.0,13511.0
2016-09-01,3,11,43.0,1878.0,21500.0
2016-09-01,4,11,88.0,38887.0,43074.0
2016-09-01,5,11,218.0,38411.0,87817.0
2016-09-01,6,11,84.0,26265.0,44899.0
2016-09-01,7,11,269.0,2769.0,19599.0
2016-10-01,0,10,496.0,44020.0,251629.0
2016-10-01,1,10,84.0,26629.0,42702.0
2016-10-01,2,10,32.0,0.0,10364.0
2016-10-01,3,10,39.0,2212.0,19516.0
2016-10-01,4,10,101.0,36675.0,40789.0
2016-10-01,5,10,212.0,34864.0,119639.0
2016-10-01,6,10,80.0,21893.0,38696.0
2016-10-01,7,10,267.0,6646.0,24782.0
2016-11-01,0,9,455.0,33361.0,196419.0
2016-11-01,1,9,75.0,21912.0,37975.0
2016-11-01,2,9,29.0,0.0,8321.0
2016-11-01,3,9,34.0,1820.0,14360.0
2016-11-01,4,9,73.0,30052.0,32032.0
2016-11-01,5,9,188.0,26400.0,93332.0
2016-11-01,6,9,74.0,19602.0,37847.0
2016-11-01,7,9,269.0,6023.0,22988.0
2016-12-01,0,2,426.0,28264.0,205317.0
2016-12-01,1,2,65.0,18158.0,30063.0
2016-12-01,2,2,27.0,0.0,9050.0
2016-12-01,3,2,31.0,1432.0,11877.0
2016-12-01,4,2,67.0,25111.0,29688.0
2016-12-01,5,2,181.0,22071.0,90752.0
2016-12-01,6,2,63.0,15871.0,30801.0
2016-12-01,7,2,269.0,5193.0,9377.0
2017-01-01,0,4,436.0,26557.0,200616.0
2017-01-01,1,4,72.0,14123.0,31560.0
2017-01-01,2,4,34.0,0.0,9963.0
2017-01-01,3,4,28.0,1350.0,12540.0
2017-01-01,4,4,65.0,24442.0,30081.0
2017-01-01,5,4,166.0,21043.0,80920.0
2017-01-01,6,4,57.0,12774.0,30163.0
2017-01-01,7,4,268.0,4002.0,14230.0
2017-02-01,0,3,420.0,34265.0,175387.0
2017-02-01,1,3,75.0,17091.0,30633.0
2017-02-01,2,3,39.0,0.0,8481.0
2017-02-01,3,3,34.0,1768.0,11558.0
2017-02-01,4,3,66.0,23342.0,27288.0
2017-02-01,5,3,180.0,27743.0,62010.0
2017-02-01,6,3,60.0,13804.0,26647.0
2017-02-01,7,3,266.0,5454.0,22464.0
2017-03-01,0,7,446.0,51734.0,208203.0
2017-03-01,1,7,73.0,24611.0,31394.0
2017-03-01,2,7,33.0,0.0,10107.0
2017-03-01,3,7,35.0,2488.0,14192.0
2017-03-01,4,7,77.0,40592.0,40592.0
2017-03-01,5,7,246.0,42121.0,75381.0
2017-03-01,6,7,56.0,19984.0,28509.0
2017-03-01,7,7,260.0,7686.0,16596.0
2017-04-01,0,0,462.0,63058.0,226353.0
2017-04-01,1,0,66.0,31618.0,31618.0
2017-04-01,2,0,33.0,0.0,7980.0
2017-04-01,3,0,38.0,2674.0,15787.0
2017-04-01,4,0,85.0,41716.0,41716.0
2017-04-01,5,0,206.0,51918.0,86469.0
2017-04-01,6,0,65.0,27101.0,32631.0
2017-04-01,7,0,269.0,8047.0,19466.0
2017-05-01,0,8,516.0,67892.0,230060.0
2017-05-01,1,8,71.0,35271.0,35271.0
2017-05-01,2,8,30.0,968.0,8962.0
2017-05-01,3,8,44.0,2895.0,17236.0
2017-05-01,4,8,98.0,52172.0,52172.0
2017-05-01,5,8,233.0,57054.0,94654.0
2017-05-01,6,8,74.0,31168.0,36262.0
2017-05-01,7,8,265.0,9807.0,14761.0
2017-06-01,0,6,574.0,70910.0,303685.0
2017-06-01,1,6,78.0,36924.0,36924.0
2017-06-01,2,6,45.0,991.0,15843.0
2017-06-01,3,6,49.0,2809.0,21556.0
2017-06-01,4,6,130.0,50222.0,50222.0
2017-06-01,5,6,233.0,56043.0,111199.0
2017-06-01,6,6,81.0,31450.0,40226.0
2017-06-01,7,6,263.0,8891.0,4918.0
2017-07-01,0,5,573.0,63203.0,318248.0
2017-07-01,1,5,92.0,32434.0,43141.0
2017-07-01,2,5,45.0,914.0,20708.0
2017-07-01,3,5,46.0,2501.0,22827.0
2017-07-01,4,5,113.0,46627.0,60965.0
2017-07-01,5,5,242.0,51540.0,127958.0
2017-07-01,6,5,94.0,31259.0,48713.0
2017-07-01,7,5,268.0,7156.0,4823.0
2017-08-01,0,1,552.0,60584.0,310354.0
2017-08-01,1,1,83.0,30622.0,42873.0
2017-08-01,2,1,40.0,903.0,17017.0
2017-08-01,3,1,45.0,2644.0,24019.0
2017-08-01,4,1,101.0,46221.0,54421.0
2017-08-01,5,1,270.0,49005.0,126531.0
2017-08-01,6,1,85.0,27309.0,46001.0
2017-08-01,7,1,269.0,7655.0,21669.0
2017-09-01,0,11,546.0,53405.0,267183.0
2017-09-01,1,11,84.0,28908.0,41563.0
2017-09-01,2,11,41.0,912.0,15122.0
2017-09-01,3,11,47.0,1288.0,20660.0
2017-09-01,4,11,102.0,42224.0,44071.0
2017-09-01,5,11,227.0,43421.0,111496.0
2017-09-01,6,11,85.0,26152.0,47563.0
2017-09-01,7,11,270.0,6461.0,19925.0
2017-10-01,0,10,471.0,45368.0,222629.0
2017-10-01,1,10,73.0,28854.0,35352.0
2017-10-01,2,10,27.0,880.0,10834.0
2017-10-01,3,10,40.0,0.0,18036.0
2017-10-01,4,10,78.0,37667.0,37895.0
2017-10-01,5,10,214.0,37012.0,105614.0
2017-10-01,6,10,85.0,23811.0,37749.0
2017-10-01,7,10,266.0,7492.0,24580.0
2017-11-01,0,9,398.0,30203.0,173424.0
2017-11-01,1,9,71.2,19984.0,31638.0
2017-11-01,2,9,28.3,707.0,8194.0
2017-11-01,3,9,33.7,0.0,13718.0
2017-11-01,4,9,69.4,25573.0,29106.0
2017-11-01,5,9,184.3,24369.0,87069.0
2017-11-01,6,9,76.2,17534.0,32723.0
2017-11-01,7,9,268.0,3729.0,18462.0
2017-12-01,0,2,404.0,26523.0,184250.0
2017-12-01,1,2,59.5,14192.0,27323.0
2017-12-01,2,2,28.3,604.0,8431.0
2017-12-01,3,2,32.0,0.0,12809.0
2017-12-01,4,2,64.2,24511.0,28162.0
2017-12-01,5,2,244.0,21424.0,63498.0
2017-12-01,6,2,56.0,12619.0,28209.0
2017-12-01,7,2,263.0,3037.0,8203.0
2018-01-01,0,4,422.8,29948.0,168162.0
2018-01-01,1,4,62.6,15958.0,30290.0
2018-01-01,2,4,25.6,630.0,8214.0
2018-01-01,3,4,31.7,0.0,11893.0
2018-01-01,4,4,62.1,27914.0,27914.0
2018-01-01,5,4,215.0,24450.0,79899.0
2018-01-01,6,4,63.0,14444.0,29004.0
2018-01-01,7,4,270.3,4036.0,11736.0
2018-02-01,0,3,379.0,34073.0,159770.0
2018-02-01,1,3,63.0,18582.0,26007.0
2018-02-01,2,3,25.2,676.0,7087.0
2018-02-01,3,3,33.6,0.0,10169.0
2018-02-01,4,3,65.7,30024.0,25796.0
2018-02-01,5,3,175.2,27461.0,77074.0
2018-02-01,6,3,60.3,16277.0,24561.0
2018-02-01,7,3,268.3,3720.0,25056.0
2018-03-01,0,7,369.9,50595.0,182247.0
2018-03-01,1,7,59.0,22582.0,28082.0
2018-03-01,2,7,30.8,906.0,8293.0
2018-03-01,3,7,26.1,0.0,10678.0
2018-03-01,4,7,64.4,43670.0,31347.0
2018-03-01,5,7,167.0,40541.0,87149.0
2018-03-01,6,7,57.0,19150.0,24580.0
2018-03-01,7,7,269.7,4807.0,18162.0
2018-04-01,0,0,416.3,61356.0,193487.0
2018-04-01,1,0,68.5,29908.0,29318.0
2018-04-01,2,0,29.6,927.0,8201.0
2018-04-01,3,0,34.6,0.0,13482.0
2018-04-01,4,0,79.2,45047.0,34921.0
2018-04-01,5,0,216.0,50216.0,92791.0
2018-04-01,6,0,51.5,24026.0,24526.0
2018-04-01,7,0,268.3,7736.0,22474.0
2018-05-01,0,8,437.4,66631.0,197614.0
2018-05-01,1,8,73.0,34277.0,30641.0
2018-05-01,2,8,39.5,996.0,11953.0
2018-05-01,3,8,44.7,0.0,17703.0
2018-05-01,4,8,86.3,51496.0,44233.0
2018-05-01,5,8,210.0,53654.0,94129.0
2018-05-01,6,8,65.1,30847.0,31823.0
2018-05-01,7,8,268.3,8467.0,17537.0
2018-06-01,0,6,474.0,61835.0,241664.0
2018-06-01,1,6,70.5,35865.0,34141.0
2018-06-01,2,6,34.4,907.0,13028.0
2018-06-01,3,6,43.6,0.0,18844.0
2018-06-01,4,6,103.7,50048.0,53857.0
2018-06-01,5,6,221.8,52693.0,106526.0
2018-06-01,6,6,66.6,29897.0,32182.0
2018-06-01,7,6,265.2,4923.0,6484.0
2018-07-01,0,5,505.0,59033.0,272954.0
2018-07-01,1,5,78.3,34605.0,41555.0
2018-07-01,2,5,48.4,430.0,18234.0
2018-07-01,3,5,50.0,0.0,23304.0
2018-07-01,4,5,114.3,45013.0,55976.0
2018-07-01,5,5,230.4,50702.0,134772.0
2018-07-01,6,5,73.5,29469.0,39372.0
2018-07-01,7,5,253.0,2884.0,5714.0
2018-08-01,0,1,494.0,55848.0,278782.0
2018-08-01,1,1,85.1,31215.0,43554.0
2018-08-01,2,1,50.4,885.0,22056.0
2018-08-01,3,1,48.8,0.0,23579.0
2018-08-01,4,1,106.8,44764.0,54813.0
2018-08-01,5,1,232.3,48359.0,134721.0
2018-08-01,6,1,81.0,28237.0,45288.0
2018-08-01,7,1,256.9,2516.0,18675.0
2018-09-01,0,11,488.5,50335.0,260688.0
2018-09-01,1,11,74.9,29957.0,40974.0
2018-09-01,2,11,45.1,842.0,18110.0
2018-09-01,3,11,44.5,0.0,20723.0
2018-09-01,4,11,100.9,42030.0,51639.0
2018-09-01,5,11,227.0,43593.0,126024.0
2018-09-01,6,11,74.5,25708.0,41285.0
2018-09-01,7,11,252.0,2799.0,19912.0
2018-09-01,8,11,44.0,1182.0,13907.0
2018-10-01,0,10,423.0,35903.0,191720.0
2018-10-01,1,10,72.6,24390.0,35817.0
2018-10-01,2,10,40.8,782.0,13324.0
2018-10-01,3,10,36.8,0.0,14093.0
2018-10-01,4,10,69.8,32836.0,31813.0
2018-10-01,5,10,239.5,30040.0,92430.0
2018-10-01,6,10,72.6,21817.0,39141.0
2018-10-01,7,10,253.6,2070.0,23779.0
2018-10-01,8,10,28.2,2756.0,9378.0
2018-11-01,0,9,419.0,32855.0,170797.0
2018-11-01,1,9,61.2,22717.0,28322.0
2018-11-01,2,9,29.3,741.0,9374.0
2018-11-01,3,9,30.4,0.0,12338.0
2018-11-01,4,9,60.6,31645.0,27400.0
2018-11-01,5,9,171.4,29491.0,83811.0
2018-11-01,6,9,56.4,17775.0,29014.0
2018-11-01,7,9,251.0,2500.0,20826.0
2018-11-01,8,9,25.4,2362.0,6760.0
2018-12-01,0,2,385.0,24538.0,187894.0
2018-12-01,1,2,58.8,17070.0,29218.0
2018-12-01,2,2,24.7,590.0,8942.0
2018-12-01,3,2,22.2,0.0,10113.0
2018-12-01,4,2,60.2,24011.0,26483.0
2018-12-01,5,2,137.3,19916.0,67693.0
2018-12-01,6,2,51.5,14494.0,26286.0
2018-12-01,7,2,261.8,1723.0,14493.0
2018-12-01,8,2,23.5,2042.0,5839.0
2019-01-01,0,4,383.8,24866.0,170587.0
2019-01-01,1,4,63.0,14833.0,30242.0
2019-01-01,2,4,34.8,0.0,9310.0
2019-01-01,3,4,27.9,1202.0,8465.0
2019-01-01,4,4,77.3,27888.0,28630.0
2019-01-01,5,4,187.2,26512.0,83240.0
2019-01-01,6,4,66.2,13793.0,29349.0
2019-01-01,7,4,264.4,1883.0,12640.0
2019-01-01,8,4,28.5,1621.0,6236.0
2019-02-01,0,3,370.6,23364.0,150283.0
2019-02-01,1,3,61.8,16824.0,26512.0
2019-02-01,2,3,35.8,0.0,8735.0
2019-02-01,3,3,23.4,1496.0,10004.0
2019-02-01,4,3,72.1,27360.0,26700.0
2019-02-01,5,3,155.5,24763.0,75622.0
2019-02-01,6,3,58.4,14180.0,20793.296
2019-02-01,7,3,268.3,1265.0,19560.0
2019-02-01,8,3,24.0,1909.0,5321.0
2019-03-01,0,7,336.4,39995.0,178717.0
2019-03-01,1,7,61.8,22017.0,29657.0
2019-03-01,2,7,36.1,0.0,8702.0
2019-03-01,3,7,29.1,2406.0,11656.4
2019-03-01,4,7,68.4,42148.0,30689.092
2019-03-01,5,7,219.8,41671.0,85714.24
2019-03-01,6,7,60.5,18011.0,24431.192
2019-03-01,7,7,262.0,2111.0,16738.0
2019-03-01,8,7,23.2,1890.0,4631.0
2019-04-01,0,0,303.8,43399.0,158380.0
2019-04-01,1,0,59.3,31731.0,27760.056
2019-04-01,2,0,26.0,443.0,7975.0
2019-04-01,3,0,33.5,2549.0,14060.4
2019-04-01,4,0,91.7,45798.0,34803.384
2019-04-01,5,0,189.1,48065.0,79613.96
2019-04-01,6,0,58.2,24775.0,24870.184
2019-04-01,7,0,261.5,3614.0,17702.0
2019-04-01,8,0,21.8,2787.0,4556.0
2019-05-01,0,8,356.6,49200.0,184779.0
2019-05-01,1,8,59.1,32631.0,28461.0
2019-05-01,2,8,37.6,967.0,12574.0
2019-05-01,3,8,34.0,2785.0,17685.472
2019-05-01,4,8,93.9,48908.0,39557.036
2019-05-01,5,8,170.9,52213.0,94253.68
2019-05-01,6,8,64.7,26986.0,28241.632
2019-05-01,7,8,262.8,3002.0,12684.0
2019-05-01,8,8,22.2,3157.0,4981.0
2019-06-01,0,6,473.2,47407.0,231748.0
2019-06-01,1,6,85.8,35026.0,34778.752
2019-06-01,2,6,35.6,975.0,14071.0
2019-06-01,3,6,38.1,2769.0,18839.72
2019-06-01,4,6,107.4,51647.0,53603.42
2019-06-01,5,6,337.0,57366.0,152185.08
2019-06-01,6,6,71.8,30298.0,32125.888
2019-06-01,7,6,261.1,3567.0,5602.0
2019-06-01,8,6,24.5,3238.0,4936.0
2019-07-01,0,5,530.3,38145.0,251744.0
2019-07-01,1,5,87.9,34652.0,42201.408
2019-07-01,2,5,38.2,935.0,18448.0
2019-07-01,3,5,43.7,2466.0,20796.456
2019-07-01,4,5,113.5,46157.0,57496.424
2019-07-01,5,5,305.8,48896.0,180685.28
2019-07-01,6,5,77.2,31033.0,44393.992
2019-07-01,7,5,257.5,2689.0,4213.0
2019-07-01,8,5,27.0,3365.0,8783.0
2019-08-01,0,1,525.1,38148.0,291131.0
2019-08-01,1,1,88.2,32372.0,49459.792
2019-08-01,2,1,42.8,880.0,18664.0
2019-08-01,3,1,49.9,2560.0,23469.944
2019-08-01,4,1,108.9,46819.0,57708.64
2019-08-01,5,1,312.0,50003.0,205264.4
2019-08-01,6,1,89.7,25761.0,47932.296
2019-08-01,7,1,261.2,4085.0,13857.0
2019-08-01,8,1,27.3,3213.0,11913.0
2019-09-01,0,11,488.9,30595.0,232166.0
2019-09-01,1,11,91.5,20390.0,46915.84
2019-09-01,2,11,38.7,904.0,18375.0
2019-09-01,3,11,43.0,2587.0,22672.144
2019-09-01,4,11,106.3,38330.0,45257.912
2019-09-01,5,11,301.4,42365.0,162433.52
2019-09-01,6,11,85.1,26174.0,48642.4
2019-09-01,7,11,259.7,3578.0,13884.0
2019-09-01,8,11,29.8,3193.0,11814.0
2019-10-01,0,10,401.0,28755.0,184649.0
2019-10-01,1,10,75.1,13760.0,36253.376
2019-10-01,2,10,29.9,916.0,12926.0
2019-10-01,3,10,37.3,2466.0,18389.256
2019-10-01,4,10,86.7,40871.0,36135.0
2019-10-01,5,10,241.4,36488.0,101884.28
2019-10-01,6,10,74.0,23322.0,35803.392
2019-10-01,7,10,260.8,3795.0,14382.0
2019-10-01,8,10,27.3,2611.0,9420.0
2019-11-01,0,9,353.0,18926.0,148656.0
2019-11-01,1,9,68.2,19515.0,29219.0
2019-11-01,2,9,27.0,735.0,8601.0
2019-11-01,3,9,33.9,1867.0,14211.0
2019-11-01,4,9,69.6,29707.0,29422.0
2019-11-01,5,9,178.6,27477.0,90072.0
2019-11-01,6,9,61.2,19070.0,25399.0
2019-11-01,7,9,263.6,1106.0,17508.0
2019-11-01,8,9,20.4,2817.0,7350.0
2019-12-01,0,2,363.4,16148.0,155394.0
2019-12-01,1,2,55.9,13885.0,25091.0
2019-12-01,2,2,26.3,577.0,8210.0
2019-12-01,3,2,28.6,1346.0,11877.0
2019-12-01,4,2,66.5,23575.0,26551.0
2019-12-01,5,2,200.6,19835.0,66261.0
2019-12-01,6,2,52.2,12402.0,22838.0
2019-12-01,7,2,269.1,0.0,10871.0
2019-12-01,8,2,22.0,1721.0,5992.0
2020-01-01,0,4,346.3,18438.0,156987.0
2020-01-01,1,4,59.6,17979.0,34658.0
2020-01-01,2,4,31.7,351.0,8118.0
2020-01-01,3,4,30.5,1540.0,12043.0
2020-01-01,4,4,66.7,27682.0,28818.0
2020-01-01,5,4,135.4,24388.0,50480.0
2020-01-01,6,4,62.0,14219.0,27023.0
2020-01-01,7,4,262.4,0.0,11967.0
2020-01-01,8,4,20.2,1561.0,5655.0
2020-02-01,0,3,349.2,23801.0,145111.0
2020-02-01,1,3,61.6,17774.0,29062.0
2020-02-01,2,3,30.7,0.0,7399.0
2020-02-01,3,3,30.2,1954.0,11305.0
2020-02-01,4,3,72.0,33961.0,27737.0
2020-02-01,5,3,125.8,31091.0,47536.0
2020-02-01,6,3,58.6,16155.0,24514.0
2020-02-01,7,3,262.0,183.0,15809.0
2020-02-01,8,3,21.6,1960.0,5146.0
2020-03-01,0,7,287.5,30348.0,132060.0
2020-03-01,1,7,58.9,23547.0,28523.0
2020-03-01,2,7,24.2,0.0,7663.0
2020-03-01,3,7,30.4,2239.0,12247.0
2020-03-01,4,7,61.3,38105.0,28343.0
2020-03-01,5,7,155.0,30264.0,51824.0
2020-03-01,6,7,48.1,19939.0,22931.0
2020-03-01,7,7,263.3,2971.0,10743.0
2020-03-01,8,7,20.3,2334.0,4240.0
2020-04-01,0,0,330.3,57019.0,142309.0
2020-04-01,1,0,54.9,29573.0,26979.0
2020-04-01,2,0,28.0,0.0,7486.0
2020-04-01,3,0,35.1,2778.0,13613.0
2020-04-01,4,0,77.5,47776.0,32615.0
2020-04-01,5,0,120.5,51185.0,51096.0
2020-04-01,6,0,51.5,24614.0,24266.0
2020-04-01,7,0,81.2,4208.0,3086.0
2020-04-01,8,0,21.1,2612.0,3958.0
2020-05-01,0,8,364.0,54312.0,187178.0
2020-05-01,1,8,74.5,35652.0,35455.0
2020-05-01,2,8,30.4,0.0,10854.0
2020-05-01,3,8,37.7,2660.0,16650.0
2020-05-01,4,8,90.4,52349.0,44724.0
2020-05-01,5,8,125.2,54568.0,55917.0
2020-05-01,6,8,67.7,29248.0,32328.0
2020-05-01,7,8,88.7,4807.0,2826.0
2020-05-01,8,8,21.5,3203.0,4990.0
2020-06-01,0,6,383.2,55257.0,213187.0
2020-06-01,1,6,81.2,35696.0,39090.0
2020-06-01,2,6,44.5,93.0,14256.0
2020-06-01,3,6,42.1,2902.0,22010.0
2020-06-01,4,6,99.9,48007.0,47384.0
2020-06-01,5,6,161.2,51873.0,73462.0
2020-06-01,6,6,732.2,29787.0,35198.0
2020-06-01,7,6,235.0,4999.0,3577.0
2020-06-01,8,6,20.8,3061.0,6649.0
2020-07-01,0,5,478.6,52119.0,246173.0
2020-07-01,1,5,90.9,35478.0,43189.0
2020-07-01,2,5,46.9,143.0,17435.0
2020-07-01,3,5,46.5,2434.0,23011.0
2020-07-01,4,5,105.7,47673.0,56249.0
2020-07-01,5,5,169.6,43300.0,83112.0
2020-07-01,6,5,73.3,28475.0,37650.0
2020-07-01,7,5,58.0,2994.0,3126.0
2020-07-01,8,5,33.2,2834.0,11485.0
2020-08-01,0,1,497.5,55543.0,247563.0
2020-08-01,1,1,96.2,31714.0,46588.0
2020-08-01,2,1,47.8,0.0,18178.0
2020-08-01,3,1,46.7,2594.0,25174.0
2020-08-01,4,1,107.6,46193.0,60946.0
2020-08-01,5,1,200.4,22735.0,81829.0
2020-08-01,6,1,81.1,29061.0,46018.0
2020-08-01,7,1,258.3,2146.0,11045.0
2020-08-01,8,1,27.0,2773.0,11043.0
2020-09-01,0,11,485.1,52631.0,220429.0
2020-09-01,1,11,94.3,26155.0,40967.0
2020-09-01,2,11,44.9,0.0,17203.0
2020-09-01,3,11,43.2,2445.0,23037.0
2020-09-01,4,11,97.9,39576.0,47538.0
2020-09-01,5,11,183.1,21439.0,77538.0
2020-09-01,6,11,78.5,23911.0,39053.0
2020-09-01,7,11,260.4,1990.0,22316.0
2020-09-01,8,11,28.6,2869.0,10742.0
2020-10-01,0,10,417.8,45477.0,203732.0
2020-10-01,1,10,77.7,28186.0,40672.0
2020-10-01,2,10,31.1,0.0,10662.0
2020-10-01,3,10,38.0,2212.0,18788.0
2020-10-01,4,10,105.7,0.0,5000.0
2020-10-01,5,10,147.5,18338.0,68330.0
2020-10-01,6,10,65.8,21761.0,34169.0
2020-10-01,7,10,260.8,899.0,23461.0
2020-10-01,8,10,23.9,2261.0,8444.0
2020-11-01,0,9,356.8,31828.0,151525.0
2020-11-01,1,9,64.8,18846.0,27290.0
2020-11-01,2,9,22.3,0.0,7824.0
2020-11-01,3,9,32.7,1750.0,14083.0
2020-11-01,4,9,82.5,17555.0,20438.0
2020-11-01,5,9,140.9,12005.0,54273.0
2020-11-01,6,9,60.0,17431.0,29216.0
2020-11-01,7,9,261.4,0.0,21556.0
2020-11-01,8,9,24.6,1846.0,7327.0
2020-12-01,0,2,371.2,28909.0,146264.0
2020-12-01,1,2,60.0,15056.0,23691.0
2020-12-01,2,2,22.9,0.0,7532.0
2020-12-01,3,2,25.7,1728.0,12335.0
2020-12-01,4,2,62.5,27893.0,29162.0
2020-12-01,5,2,133.0,16592.0,51619.0
2020-12-01,6,2,49.0,11827.0,21964.0
2020-12-01,7,2,262.2,0.0,16762.0
2020-12-01,8,2,24.3,1844.0,6487.0
2021-01-01,0,4,342.0,30816.0,156239.0
2021-01-01,1,4,61.3,18726.0,30279.0
2021-01-01,2,4,24.4,0.0,7025.0
2021-01-01,3,4,24.5,1598.0,11250.0
2021-01-01,4,4,64.8,26239.0,27754.0
2021-01-01,5,4,139.4,20332.0,55929.0
2021-01-01,6,4,53.2,13385.0,24726.0
2021-01-01,7,4,263.8,0.0,12354.0
2021-01-01,8,4,25.0,1871.0,4580.0
2021-02-01,0,3,340.0,39445.0,135909.0
2021-02-01,1,3,70.1,17331.0,23788.0
2021-02-01,2,3,26.3,0.0,7092.0
2021-02-01,3,3,26.3,1841.0,10531.0
2021-02-01,4,3,60.4,35357.0,25640.0
2021-02-01,5,3,133.2,26521.0,50572.0
2021-02-01,6,3,54.9,12542.0,23250.0
2021-02-01,7,3,265.6,0.0,21676.0
2021-02-01,8,3,18.4,2392.0,3782.0
2021-03-01,0,7,384.3,47398.0,135565.0
2021-03-01,1,7,57.2,25301.0,24029.0
2021-03-01,2,7,28.6,0.0,7661.0
2021-03-01,3,7,26.1,2591.0,12493.0
2021-03-01,4,7,64.4,39008.0,25381.0
2021-03-01,5,7,128.6,32007.0,49744.0
2021-03-01,6,7,45.8,19883.0,25580.0
2021-03-01,7,7,266.9,451.0,23128.0
2021-03-01,8,7,22.7,2853.0,3463.0
2021-04-01,0,0,341.8,61445.0,166848.0
2021-04-01,1,0,63.6,28427.0,25882.0
2021-04-01,2,0,26.4,0.0,8227.0
2021-04-01,3,0,28.8,2489.0,13387.0
2021-04-01,4,0,77.1,47730.0,36218.0
2021-04-01,5,0,138.6,41710.0,61976.0
2021-04-01,6,0,55.3,24365.0,25782.0
2021-04-01,7,0,260.9,1328.0,14387.0
2021-04-01,8,0,19.1,3046.0,4763.0
2021-05-01,0,8,361.3,70835.0,194849.0
2021-05-01,1,8,65.8,34743.0,30490.0
2021-05-01,2,8,38.9,30.0,11557.0
2021-05-01,3,8,32.2,2861.0,15853.0
2021-05-01,4,8,89.2,51420.0,41688.0
2021-05-01,5,8,144.1,48530.0,71538.0
2021-05-01,6,8,60.2,25040.0,26882.0
2021-05-01,7,8,261.9,2217.0,15844.0
2021-05-01,8,8,23.6,3509.0,6933.0
2021-06-01,0,6,505.4,54623.0,213977.0
2021-06-01,1,6,68.0,33072.0,31669.0
2021-06-01,2,6,42.1,926.0,15782.0
2021-06-01,3,6,43.4,2721.0,19607.0
2021-06-01,4,6,119.1,7926.0,51395.0
2021-06-01,5,6,197.5,39812.0,76163.0
2021-06-01,6,6,61.8,26802.0,34455.0
2021-06-01,7,6,260.2,1884.0,4541.0
2021-06-01,8,6,31.1,3023.0,10213.0
2021-07-01,0,5,516.6,54174.0,272169.0
2021-07-01,1,5,86.3,29573.0,41715.0
2021-07-01,2,5,46.6,765.0,17598.0
2021-07-01,3,5,46.8,2151.0,20621.0
2021-07-01,4,5,119.9,8128.0,60108.0
2021-07-01,5,5,204.2,44990.0,103176.0
2021-07-01,6,5,75.1,21909.0,37446.0
2021-07-01,7,5,245.6,963.0,3549.0
2021-07-01,8,5,27.1,3326.0,14068.0
2021-08-01,0,1,461.2,49068.0,232006.0
2021-08-01,1,1,94.6,30142.0,51752.0
2021-08-01,2,1,45.5,882.0,19646.0
2021-08-01,3,1,43.1,2462.0,23601.0
2021-08-01,4,1,117.4,22403.0,50920.0
2021-08-01,5,1,204.7,44706.0,93467.0
2021-08-01,6,1,69.9,19545.0,36279.0
2021-08-01,7,1,259.1,4252.0,16060.0
2021-08-01,8,1,26.0,2851.0,10437.0
2021-09-01,0,11,438.3,49050.0,244795.0
2021-09-01,1,11,90.6,28932.0,44899.0
2021-09-01,2,11,424.4,863.0,17064.0
2021-09-01,3,11,43.5,2403.0,21598.0
2021-09-01,4,11,115.6,655.0,47668.0
2021-09-01,5,11,189.4,38457.0,83134.0
2021-09-01,6,11,65.8,20777.0,35610.0
2021-09-01,7,11,262.1,2229.0,14847.0
2021-09-01,8,11,25.9,2441.0,8876.0
2021-10-01,0,10,386.6,42689.0,190295.0
2021-10-01,1,10,75.0,24246.0,35126.0
2021-10-01,2,10,28.9,800.0,10691.0
2021-10-01,3,10,36.5,2140.0,16901.0
2021-10-01,4,10,85.8,38333.0,38185.0
2021-10-01,5,10,157.2,36714.0,68983.0
2021-10-01,6,10,64.8,17143.0,30063.0
2021-10-01,7,10,261.9,2106.0,13208.0
2021-10-01,8,10,24.2,2501.0,7698.0
2021-11-01,0,9,319.3,30367.0,140580.0
2021-11-01,1,9,57.2,21456.0,28080.0
2021-11-01,2,9,31.7,780.0,10826.0
2021-11-01,3,9,32.9,1840.0,15768.0
2021-11-01,4,9,71.9,27258.0,29890.0
2021-11-01,5,9,141.1,25803.0,56567.0
2021-11-01,6,9,50.0,15771.0,26702.0
2021-11-01,7,9,260.9,1941.0,21162.0
2021-11-01,8,9,23.7,1718.0,6570.0
2021-12-01,0,2,362.2,24619.0,151451.0
2021-12-01,1,2,54.6,15959.0,27013.0
2021-12-01,2,2,33.6,637.0,10453.0
2021-12-01,3,2,28.4,1466.0,14595.0
2021-12-01,4,2,65.4,23629.0,27774.0
2021-12-01,5,2,133.8,20962.0,53799.0
2021-12-01,6,2,47.7,10652.0,22682.0
2021-12-01,7,2,259.6,1563.0,9171.0
2021-12-01,8,2,22.5,1603.0,6212.0
2022-01-01,0,4,330.8,30815.0,156239.0
2022-01-01,1,4,60.7,18465.0,25724.0
2022-01-01,2,4,31.6,633.0,9593.0
2022-01-01,3,4,30.5,1555.0,12641.0
2022-01-01,4,4,69.4,28330.0,27543.0
2022-01-01,5,4,115.4,15034.0,48474.0
2022-01-01,6,4,50.3,14886.0,26024.0
2022-01-01,7,4,262.0,1910.0,9331.0
2022-01-01,8,4,21.0,2196.0,5750.0
2022-02-01,0,3,372.8,37222.0,143030.0
2022-02-01,1,3,70.9,18465.0,25724.0
2022-02-01,2,3,30.4,740.0,9593.0
2022-02-01,3,3,27.7,1975.0,10731.0
2022-02-01,4,3,66.0,33652.0,27154.0
2022-02-01,5,3,124.0,30171.0,47628.0
2022-02-01,6,3,49.5,14956.0,20285.0
2022-02-01,7,3,260.9,2148.0,12898.0
2022-02-01,8,3,23.1,2314.0,4194.0
2022-03-01,0,7,349.4,52196.0,150616.0
2022-03-01,1,7,60.3,29718.0,28537.0
2022-03-01,2,7,25.4,899.0,6930.0
2022-03-01,3,7,27.3,2264.0,10804.0
2022-03-01,4,7,73.1,41239.0,30658.0
2022-03-01,5,7,120.1,41048.0,56548.0
2022-03-01,6,7,50.2,24943.0,25129.0
2022-03-01,7,7,262.2,2344.0,11242.0
2022-03-01,8,7,18.8,2899.0,4126.0
2022-04-01,0,0,381.4,62072.0,174110.0
2022-04-01,1,0,85.1,31472.0,36987.0
2022-04-01,2,0,26.2,1064.0,9783.0
2022-04-01,3,0,28.2,3008.0,13589.0
2022-04-01,4,0,98.4,16396.0,41313.0
2022-04-01,5,0,127.6,49437.0,63733.0
2022-04-01,6,0,53.9,30952.0,29132.0
2022-04-01,7,0,262.7,2871.0,19509.0
2022-04-01,8,0,18.1,3431.0,4962.0
2022-05-01,0,8,361.0,69871.0,202680.0
2022-05-01,1,8,85.9,32036.0,40940.0
2022-05-01,2,8,30.8,1040.0,11455.0
2022-05-01,3,8,30.0,2895.0,13949.0
2022-05-01,4,8,111.7,0.0,48701.0
2022-05-01,5,8,137.5,58413.0,74077.0
2022-05-01,6,8,64.1,30134.0,31871.0
2022-05-01,7,8,257.8,3396.0,13331.0
2022-05-01,8,8,27.5,3497.0,6077.0
2022-06-01,0,6,488.0,61438.0,155952.0
2022-06-01,1,6,102.3,34320.0,53382.0
2022-06-01,2,6,36.1,908.0,15029.0
2022-06-01,3,6,37.8,2555.0,17188.0
2022-06-01,4,6,120.6,0.0,57713.0
2022-06-01,5,6,159.0,43052.0,79292.0
2022-06-01,6,6,76.0,29401.0,37395.0
2022-06-01,7,6,111.1,2741.0,2611.0
2022-06-01,8,6,28.0,3002.0,8665.0
2022-07-01,0,5,491.4,63782.0,276401.0
2022-07-01,1,5,111.6,24031.0,54390.0
2022-07-01,2,5,42.9,917.0,19527.0
2022-07-01,3,5,47.1,2520.0,21824.0
2022-07-01,4,5,121.2,12057.0,51466.0
2022-07-01,5,5,283.9,3585.0,101155.0
2022-07-01,6,5,72.5,26344.0,39734.0
2022-07-01,7,5,239.1,2707.0,2956.0
2022-07-01,8,5,28.8,3086.0,11629.0
2022-08-01,0,1,432.0,55716.0,265161.0
2022-08-01,1,1,96.8,7045.0,50048.0
2022-08-01,2,1,47.5,824.0,18179.0
2022-08-01,3,1,45.3,2392.0,23958.0
2022-08-01,4,1,108.6,41682.0,60421.0
2022-08-01,5,1,188.4,0.0,90299.0
2022-08-01,6,1,71.0,24909.0,37627.0
2022-08-01,7,1,80.2,2180.0,3134.0
2022-08-01,8,1,26.8,2926.0,10923.0
2022-09-01,0,11,423.7,50438.0,250020.0
2022-09-01,1,11,84.1,13099.0,44091.0
2022-09-01,2,11,44.1,848.0,17211.0
2022-09-01,3,11,48.8,2339.0,23371.0
2022-09-01,4,11,109.9,39608.0,57797.0
2022-09-01,5,11,205.0,0.0,89279.0
2022-09-01,6,11,62.5,20766.0,29705.0
2022-09-01,7,11,256.7,2612.0,10734.0
2022-09-01,8,11,28.0,2490.0,8576.0
2022-10-01,0,10,376.4,44679.0,205984.0
2022-10-01,1,10,61.1,9917.0,28114.0
2022-10-01,2,10,40.4,802.0,13263.0
2022-10-01,3,10,39.8,2188.0,18562.0
2022-10-01,4,10,98.1,37768.0,45102.0
2022-10-01,5,10,160.6,0.0,67304.0
2022-10-01,6,10,52.9,20535.0,28013.0
2022-10-01,7,10,256.6,2441.0,17340.0
2022-10-01,8,10,22.1,2464.0,7028.0
2022-11-01,0,9,349.4,34190.0,150381.0
2022-11-01,1,9,78.1,8242.0,30376.0
2022-11-01,2,9,31.6,802.0,7481.0
2022-11-01,3,9,30.8,1987.0,12493.0
2022-11-01,4,9,75.1,31950.0,33688.0
2022-11-01,5,9,120.5,25492.0,48340.0
2022-11-01,6,9,52.9,20535.0,28013.0
2022-11-01,7,9,258.1,2154.0,12585.0
2022-11-01,8,9,21.3,1925.0,5699.0
2022-12-01,0,2,393.7,25092.0,162471.0
2022-12-01,1,2,66.3,6424.0,27752.0
2022-12-01,2,2,31.7,618.0,8281.0
2022-12-01,3,2,22.2,1457.0,10137.0
2022-12-01,4,2,76.7,23176.0,33939.0
2022-12-01,5,2,112.8,21492.0,47664.0
2022-12-01,6,2,53.6,12499.0,9839.0
2022-12-01,7,2,201.5,1507.0,3947.0
2022-12-01,8,2,23.6,1537.0,6595.0
2023-01-01,0,4,410.6,26897.0,166102.0
2023-01-01,1,4,67.9,9155.0,28532.0
2023-01-01,2,4,36.1,554.0,9358.0
2023-01-01,3,4,21.1,1350.0,10072.0
2023-01-01,4,4,84.5,25551.0,35078.0
2023-01-01,5,4,107.6,24289.0,46727.0
2023-01-01,6,4,53.6,12499.0,22338.0
2023-01-01,7,4,261.5,1446.0,12776.0
2023-01-01,8,4,23.4,1948.0,6536.0
2023-02-01,0,3,386.3,29781.0,142798.0
2023-02-01,1,3,65.9,11611.0,31130.0
2023-02-01,2,3,36.6,714.0,8006.0
2023-02-01,3,3,23.7,1740.0,7102.0
2023-02-01,4,3,78.0,28087.0,30206.0
2023-02-01,5,3,111.4,27923.0,42468.0
2023-02-01,6,3,55.4,16051.0,21397.0
2023-02-01,7,3,260.0,1733.0,18727.0
2023-02-01,8,3,23.6,2003.0,5455.0
